Gender,Age,Hours per week,Have you ever played continuously for 10 hours?,Have you ever been in a raid that lasted for at least 8 hours?,How agitated do you get if the servers go down unexpectedly?,How much of your happiness in life currently is derived from playing the game?,Have you tried to quit unsuccessfully?,how important is becoming powerfull?,how important is escaping from the real world through the game?
male,17,2,yes,no,4,3,1,5,1
female,18,2,yes,no,4,4,1,4,1
male,19,2,yes,yes,3,4,1,5,4
female,24,2,no,no,2,4,1,2,3
male,26,2,yes,no,3,5,2,3,2
male,21,3,no,no,2,5,1,4,2
male,23,3,yes,yes,3,4,1,4,1
male,26,3,no,no,2,3,1,1,2
male,28,3,yes,no,3,4,1,4,5
female,31,3,yes,no,3,4,1,3,3
male,17,4,no,no,3,4,1,1,5
male,20,4,no,no,2,5,1,3,3
male,21,4,yes,yes,4,4,1,4,1
male,21,4,no,no,2,4,1,3,5
male,22,4,yes,no,1,4,1,5,4
male,23,4,yes,no,2,4,1,3,3
male,23,4,yes,no,4,2,1,3,2
male,25,4,yes,yes,2,4,1,2,4
male,26,4,no,no,4,4,1,4,3
male,28,4,no,no,3,3,1,3,5
male,29,4,no,no,3,4,1,4,4
female,33,4,no,no,2,5,1,4,4
female,37,4,no,no,3,4,1,3,2
male,37,4,yes,no,1,5,1,1,5
male,39,4,yes,no,5,3,1,3,5
male,41,4,yes,no,2,4,1,2,3
male,15,5,no,no,1,4,1,5,1
male,17,5,yes,no,3,3,1,3,4
male,17,5,yes,no,2,4,1,4,4
male,17,5,no,no,3,4,1,3,4
male,17,5,no,no,2,4,1,2,2
male,17,5,yes,no,3,5,1,2,3
male,19,5,no,no,3,4,1,4,1
male,20,5,yes,no,3,4,1,3,5
male,20,5,yes,yes,5,4,2,2,2
male,20,5,no,yes,2,4,1,4,2
male,21,5,yes,no,4,2,1,4,2
male,22,5,yes,yes,5,5,1,3,2
female,24,5,no,no,2,4,1,3,4
male,25,5,no,no,2,4,1,4,4
male,26,5,yes,no,2,5,1,4,5
female,28,5,no,no,3,3,1,3,3
male,30,5,no,no,3,5,1,1,4
male,31,5,yes,yes,4,4,1,3,2
male,31,5,no,no,4,4,1,2,1
male,32,5,no,no,2,4,1,4,2
male,34,5,yes,no,4,4,1,5,2
male,35,5,yes,no,2,4,1,2,2
male,37,5,yes,no,2,4,1,3,1
male,42,5,no,no,2,4,1,4,4
male,18,6,yes,no,2,4,1,5,3
male,17,6,yes,no,4,4,2,3,3
male,17,6,no,no,2,3,1,5,5
male,19,6,no,no,4,3,1,3,2
male,19,6,no,no,3,4,1,5,3
male,20,6,yes,no,3,4,1,4,2
male,20,6,no,no,5,3,1,3,2
male,20,6,no,no,5,5,1,4,2
male,21,6,yes,no,3,2,1,4,4
male,21,6,no,no,2,5,1,3,1
female,22,6,no,no,1,4,1,2,3
male,22,6,yes,yes,2,3,1,3,4
male,25,6,yes,no,3,3,1,5,2
male,27,6,no,no,1,4,1,3,4
male,27,6,no,no,2,5,1,2,1
male,27,6,yes,no,2,4,1,3,3
male,29,6,yes,no,3,4,1,3,3
male,29,6,no,no,2,3,1,2,3
male,30,6,no,no,2,4,1,1,3
male,36,6,no,no,3,4,1,3,2
male,39,6,no,no,2,4,1,3,1
male,18,7,yes,yes,4,4,1,3,3
male,18,7,no,no,4,3,2,3,4
male,18,7,yes,no,3,4,1,5,4
female,22,7,yes,no,3,3,1,5,3
male,23,7,no,no,4,4,1,5,1
male,24,7,no,no,3,3,1,3,5
male,25,7,no,no,3,4,1,3,4
male,26,7,yes,no,4,4,2,2,4
male,39,7,yes,no,2,4,1,3,4
male,13,8,yes,no,5,3,1,4,5
male,15,8,yes,yes,1,5,1,5,2
male,17,8,no,no,3,4,1,2,4
male,17,8,no,no,4,4,1,4,2
male,18,8,no,no,2,4,1,5,2
male,18,8,no,no,2,4,1,3,4
female,21,8,no,no,3,4,1,3,3
male,21,8,no,no,3,4,1,3,4
male,21,8,yes,no,3,4,1,4,4
male,21,8,yes,no,2,4,1,4,2
male,22,8,no,no,4,4,1,2,4
male,22,8,yes,no,2,4,1,3,1
male,23,8,no,no,1,5,1,3,3
male,23,8,yes,no,3,3,1,3,4
male,23,8,yes,no,2,4,1,3,2
male,23,8,yes,no,4,4,1,5,1
male,25,8,no,no,3,3,1,3,2
male,25,8,yes,yes,2,4,1,2,2
female,26,8,no,no,2,4,1,2,3
male,26,8,yes,yes,5,4,1,3,1
male,26,8,yes,no,1,5,1,3,3
male,26,8,yes,no,2,4,1,2,2
male,29,8,no,no,2,5,1,1,3
male,30,8,no,no,4,4,1,5,3
male,30,8,yes,no,3,4,1,3,2
male,31,8,no,no,3,5,1,2,3
male,31,8,yes,no,2,3,1,4,1
male,31,8,yes,no,2,3,1,4,2
male,32,8,no,no,2,4,1,1,2
male,33,8,no,no,4,4,1,3,3
male,33,8,yes,no,2,4,1,4,4
male,34,8,yes,no,2,5,1,3,3
female,36,8,yes,no,1,4,1,3,4
male,37,8,no,no,1,5,1,2,1
male,39,8,yes,yes,2,4,1,2,3
female,41,8,no,no,1,4,1,3,3
male,41,8,no,no,2,4,1,5,5
male,44,8,no,no,2,4,1,4,3
male,50,8,no,no,1,4,1,3,3
male,51,8,no,no,2,4,1,2,3
male,16,9,yes,no,2,4,1,4,1
male,17,9,no,no,1,5,1,1,1
female,28,9,no,no,2,4,1,5,5
male,33,9,yes,no,2,3,1,5,5
male,14,10,yes,no,5,3,2,4,3
male,16,10,no,no,4,3,1,5,2
male,16,10,no,no,3,4,1,3,1
male,16,10,no,no,2,3,1,2,2
male,16,10,yes,no,4,3,1,5,3
male,18,10,yes,yes,4,3,1,5,1
male,18,10,no,no,4,4,1,3,4
male,18,10,no,no,2,4,1,4,2
male,18,10,no,no,1,4,1,3,1
male,18,10,yes,no,3,4,1,4,4
male,18,10,yes,yes,3,4,1,5,2
male,18,10,no,no,3,4,1,3,4
male,18,10,yes,no,4,4,1,3,3
male,19,10,no,no,1,4,1,3,4
male,19,10,no,no,3,4,1,2,1
male,19,10,no,no,2,3,1,4,1
male,19,10,yes,no,3,4,1,4,1
male,19,10,no,no,2,4,1,3,1
male,19,10,yes,no,5,3,1,5,5
male,19,10,yes,no,5,3,1,3,4
male,19,10,no,no,2,5,1,3,2
male,20,10,yes,no,3,4,1,1,2
male,20,10,yes,yes,5,2,1,3,4
male,20,10,yes,no,5,4,2,5,3
male,20,10,yes,no,3,5,1,3,4
male,20,10,no,no,2,4,1,5,3
male,20,10,yes,no,4,3,1,4,2
male,20,10,yes,no,4,3,1,5,5
male,20,10,yes,no,5,3,1,5,3
male,20,10,no,no,3,5,1,4,1
male,20,10,yes,no,3,3,1,4,4
male,20,10,yes,no,3,4,1,3,5
male,20,10,yes,no,4,4,1,3,4
male,20,10,yes,no,4,4,2,2,2
male,20,10,yes,yes,4,4,1,5,3
female,21,10,yes,no,4,3,1,4,1
male,21,10,yes,no,2,3,1,3,3
male,21,10,yes,no,4,2,2,3,3
male,21,10,yes,yes,4,3,1,4,2
male,21,10,no,no,4,3,1,4,4
male,21,10,yes,no,4,4,1,4,2
male,21,10,no,no,3,4,1,4,3
male,21,10,yes,no,4,4,1,3,3
male,21,10,yes,no,1,4,2,2,1
female,22,10,yes,no,3,4,1,4,5
male,22,10,no,no,3,4,1,4,2
male,22,10,yes,no,2,4,1,4,1
male,22,10,no,no,2,4,1,3,1
male,22,10,no,yes,3,3,1,4,4
male,23,10,no,no,1,5,1,4,1
male,23,10,no,no,2,3,1,3,3
male,23,10,no,no,3,3,1,4,2
male,23,10,yes,no,2,5,1,5,1
male,24,10,yes,no,2,4,1,3,2
male,24,10,no,no,2,4,1,4,4
male,24,10,yes,yes,3,4,1,4,4
male,24,10,yes,yes,2,3,1,4,1
male,24,10,yes,yes,2,3,1,3,4
female,25,10,no,no,3,4,1,4,1
female,25,10,yes,yes,5,4,2,2,4
male,25,10,yes,yes,3,4,1,3,3
male,25,10,no,no,1,4,1,4,2
male,25,10,yes,no,3,4,1,5,3
male,25,10,yes,no,3,4,1,4,2
male,25,10,yes,no,3,4,1,4,2
male,26,10,no,no,4,3,1,5,5
male,26,10,no,no,2,4,1,3,1
male,27,10,yes,no,2,4,1,4,2
male,27,10,yes,no,3,4,1,2,5
male,27,10,yes,yes,1,5,1,4,2
male,27,10,no,no,5,4,1,4,3
male,27,10,no,no,3,5,2,3,2
male,27,10,no,no,3,4,1,3,5
male,27,10,no,no,2,5,1,2,1
male,27,10,no,no,2,3,1,1,2
male,27,10,yes,no,5,2,1,5,2
male,27,10,no,no,2,4,1,3,3
male,27,10,no,no,3,5,1,2,1
male,27,10,yes,no,1,4,1,2,4
male,28,10,yes,no,1,4,1,4,5
male,28,10,yes,no,3,4,1,5,3
male,28,10,no,no,2,4,1,4,2
male,28,10,yes,no,3,4,1,3,2
male,29,10,yes,yes,3,4,1,3,3
male,30,10,no,yes,5,3,1,4,5
male,30,10,no,no,4,4,1,3,2
male,30,10,yes,no,4,3,2,4,4
male,30,10,yes,no,3,4,1,4,5
male,30,10,no,no,2,3,1,3,1
male,30,10,yes,yes,2,3,1,3,4
male,30,10,yes,no,3,2,1,5,1
female,31,10,no,no,2,4,1,4,4
male,31,10,yes,no,2,3,1,4,4
male,31,10,yes,no,2,4,1,4,4
male,31,10,yes,yes,2,5,1,4,3
male,32,10,no,no,2,4,1,4,2
male,32,10,no,no,2,4,1,4,2
male,32,10,yes,no,3,4,1,1,4
male,32,10,yes,yes,1,4,1,2,3
female,33,10,yes,yes,1,4,1,1,2
male,33,10,no,no,3,4,1,5,2
male,33,10,no,no,3,4,1,4,3
male,33,10,no,no,3,3,1,2,5
male,33,10,no,no,2,5,1,5,5
male,33,10,no,no,3,4,1,4,5
male,33,10,no,no,2,4,1,2,2
male,33,10,yes,no,3,4,1,3,1
male,33,10,no,no,5,4,1,3,5
male,33,10,no,no,3,2,1,5,4
male,33,10,no,no,4,3,1,5,4
female,34,10,yes,no,2,4,1,2,2
male,34,10,no,no,3,4,1,3,4
male,34,10,yes,yes,5,4,1,3,4
male,34,10,no,no,3,3,2,5,1
male,35,10,yes,yes,3,4,1,2,3
male,35,10,yes,no,5,4,1,3,4
male,35,10,yes,no,1,4,1,1,5
female,36,10,yes,yes,1,4,1,3,4
male,36,10,yes,,2,4,1,4,5
male,36,10,yes,yes,1,4,1,4,5
male,36,10,yes,no,2,4,1,3,3
male,36,10,yes,no,3,5,1,3,1
male,38,10,yes,no,2,4,1,3,2
male,38,10,no,no,2,4,1,3,3
male,38,10,no,no,3,4,1,4,3
male,38,10,no,no,3,4,1,4,2
male,39,10,no,no,1,3,1,2,4
male,39,10,yes,yes,2,4,1,3,4
male,40,10,no,no,1,4,1,2,4
male,41,10,yes,no,1,5,1,1,2
male,42,10,yes,yes,1,5,2,3,1
male,42,10,no,no,2,4,1,2,2
female,44,10,yes,yes,3,4,1,3,5
male,45,10,no,no,1,5,1,3,3
male,50,10,no,no,1,3,1,3,5
male,50,10,yes,yes,3,4,1,4,4
male,52,10,no,no,3,4,1,2,2
female,53,10,no,no,1,4,1,3,1
male,19,11,no,no,3,4,1,4,3
male,24,11,yes,no,2,3,1,3,4
male,15,12,no,no,4,2,1,2,1
male,17,12,yes,no,2,4,1,4,2
male,17,12,no,no,3,4,1,4,1
male,18,12,yes,no,2,3,1,3,3
male,19,12,yes,no,4,1,1,5,4
male,20,12,no,no,4,2,1,3,2
male,21,12,no,no,3,4,1,4,2
male,21,12,no,no,2,3,1,3,2
male,21,12,no,no,3,4,1,1,4
male,21,12,no,no,3,4,1,3,2
male,22,12,no,no,2,3,1,3,2
male,22,12,no,no,4,4,1,4,4
male,22,12,yes,yes,4,4,1,5,1
male,23,12,yes,no,4,3,1,4,5
male,24,12,yes,no,5,4,1,4,5
male,24,12,no,no,1,4,1,3,1
male,24,12,yes,no,3,4,1,3,2
male,24,12,yes,no,2,3,1,2,4
male,24,12,yes,no,3,2,1,5,2
male,25,12,no,no,2,4,1,3,4
male,25,12,no,no,3,4,1,3,4
male,25,12,no,no,2,4,1,3,2
male,25,12,yes,no,4,4,1,3,4
male,25,12,no,no,2,3,1,4,2
male,26,12,yes,no,2,4,1,3,3
male,28,12,no,no,2,3,1,4,2
male,28,12,no,no,5,3,1,5,2
male,29,12,no,no,4,3,1,2,4
male,29,12,no,no,2,3,1,4,3
male,30,12,no,yes,3,3,1,4,5
male,30,12,no,no,2,4,1,1,1
male,30,12,yes,no,4,4,1,2,3
male,30,12,yes,no,4,4,1,2,4
male,31,12,yes,no,3,4,1,3,3
female,32,12,no,no,2,4,1,1,1
male,32,12,no,no,5,4,1,3,1
male,32,12,yes,no,4,4,1,3,3
male,32,12,yes,no,2,2,1,3,5
male,32,12,no,no,2,4,1,3,2
male,32,12,no,no,2,3,1,3,5
male,32,12,no,no,2,4,1,3,4
male,33,12,yes,no,3,3,1,4,4
male,34,12,no,no,2,3,1,3,2
male,34,12,no,no,3,3,1,3,2
male,34,12,no,no,3,3,1,3,4
male,35,12,no,no,4,3,1,4,4
male,36,12,yes,yes,2,4,1,2,3
male,36,12,yes,no,2,3,1,3,3
male,37,12,no,no,2,4,1,2,4
male,37,12,yes,yes,2,4,1,4,3
male,38,12,no,no,3,4,2,4,2
male,39,12,no,no,1,4,1,3,1
female,45,12,no,no,4,4,1,3,5
male,46,12,yes,no,2,3,1,2,4
male,49,12,no,yes,5,4,1,4,4
male,54,12,no,no,2,3,1,4,
male,60,12,no,no,1,4,1,1,4
male,17,14,no,no,3,3,1,5,5
male,17,14,no,no,3,4,1,2,1
male,18,14,no,no,4,3,1,5,4
male,18,14,yes,no,4,3,1,4,4
male,19,14,yes,no,1,4,1,4,1
male,19,14,no,no,4,4,1,4,2
male,19,14,yes,no,5,5,1,3,1
male,20,14,yes,yes,2,4,1,3,2
male,20,14,no,no,2,4,1,4,2
male,21,14,no,no,3,4,1,3,4
male,21,14,yes,no,2,3,1,3,5
male,21,14,no,no,1,4,1,5,2
male,21,14,yes,no,3,4,1,4,1
male,22,14,yes,no,4,3,1,5,3
male,22,14,no,no,2,4,1,4,2
male,23,14,yes,no,5,3,1,3,3
female,24,14,yes,no,2,3,1,3,1
male,24,14,no,yes,2,3,1,3,2
male,24,14,no,no,5,3,1,5,5
male,24,14,no,no,2,4,1,1,3
male,25,14,yes,no,2,3,1,3,4
male,27,14,yes,no,2,4,1,3,1
male,28,14,yes,no,3,4,1,3,5
male,28,14,no,no,5,3,1,5,5
female,29,14,yes,no,3,4,1,3,4
male,29,14,yes,yes,1,2,1,4,5
male,29,14,no,no,2,4,1,2,4
male,29,14,no,no,3,3,1,3,3
male,31,14,yes,no,4,4,1,3,3
male,31,14,no,no,3,3,1,4,2
male,32,14,yes,no,2,4,1,3,3
male,32,14,no,no,2,4,1,3,5
male,33,14,no,no,2,3,1,2,4
male,33,14,no,no,2,5,1,4,1
male,34,14,yes,no,4,3,1,5,5
male,35,14,no,no,3,4,1,3,3
male,36,14,no,no,3,3,1,3,4
female,38,14,no,yes,3,4,1,3,4
male,43,14,no,no,1,4,1,1,2
male,49,14,yes,no,3,4,1,4,3
male,14,15,yes,no,4,3,1,4,1
male,15,15,yes,no,5,3,1,4,4
male,16,15,no,no,2,4,1,1,2
male,16,15,no,no,2,4,1,2,5
male,18,15,no,no,4,4,1,2,4
male,18,15,no,no,2,5,1,5,2
male,18,15,yes,no,3,4,1,2,3
male,18,15,no,no,4,4,1,3,3
male,18,15,yes,yes,3,4,2,4,2
male,18,15,no,no,3,4,1,2,4
male,18,15,no,no,3,3,1,3,4
male,18,15,yes,no,3,4,1,4,2
male,18,15,no,no,4,4,1,5,2
male,18,15,no,no,3,4,1,3,3
male,18,15,no,no,3,4,1,3,3
male,18,15,yes,no,2,3,1,3,3
female,19,15,no,no,2,4,1,3,2
female,19,15,no,no,3,2,1,2,5
male,19,15,no,no,2,4,1,3,1
male,19,15,no,no,1,4,1,3,3
male,19,15,no,yes,2,4,1,2,4
male,19,15,no,no,3,5,2,4,3
male,19,15,no,no,3,4,1,4,2
male,20,15,yes,no,2,4,1,5,3
male,20,15,no,no,1,3,1,4,3
male,20,15,no,no,4,4,1,4,3
male,20,15,no,no,4,4,1,2,3
male,20,15,no,no,2,4,1,3,2
male,20,15,no,no,2,4,1,3,3
male,20,15,no,no,2,4,1,4,3
male,20,15,no,no,2,4,2,2,1
male,20,15,no,no,2,3,1,5,1
male,20,15,yes,yes,3,3,1,4,1
male,21,15,no,no,3,4,1,2,2
male,21,15,no,no,3,4,1,4,2
male,21,15,yes,no,4,3,1,5,4
male,21,15,yes,no,2,4,1,4,2
male,21,15,no,no,1,4,1,2,2
male,21,15,no,no,4,4,1,5,5
male,21,15,yes,no,2,2,1,3,3
male,21,15,yes,no,3,4,1,4,3
male,21,15,yes,yes,4,4,1,5,4
male,21,15,yes,yes,2,2,2,2,5
female,22,15,no,no,4,5,1,4,1
female,22,15,no,no,3,4,1,3,2
male,22,15,yes,no,3,3,1,4,2
male,22,15,yes,no,3,4,1,4,5
male,22,15,no,no,2,3,1,4,2
male,22,15,yes,no,5,4,1,4,3
male,22,15,yes,no,4,4,1,4,3
male,23,15,yes,no,3,4,1,2,5
male,23,15,no,no,3,4,1,1,3
male,23,15,no,no,3,5,1,2,3
male,23,15,yes,no,4,3,1,5,2
male,23,15,yes,no,4,4,1,5,3
male,23,15,no,no,3,4,1,3,1
male,23,15,yes,yes,5,3,1,4,3
male,23,15,yes,yes,5,3,1,5,2
male,23,15,yes,no,2,4,1,5,2
male,23,15,yes,no,2,3,1,5,5
male,23,15,yes,no,4,4,1,4,3
male,23,15,yes,yes,3,4,1,4,2
male,23,15,yes,no,3,4,1,4,2
male,24,15,no,no,2,4,1,4,2
male,24,15,no,no,2,4,1,4,4
male,24,15,yes,no,3,4,1,4,3
male,24,15,yes,no,2,4,1,2,1
male,24,15,yes,no,1,4,1,3,3
male,24,15,no,no,3,3,1,3,2
male,24,15,yes,no,2,4,1,3,2
male,24,15,yes,yes,5,2,1,4,5
male,24,15,yes,yes,2,4,1,3,5
female,25,15,yes,no,2,4,1,3,4
female,25,15,yes,no,2,3,1,5,5
male,25,15,no,no,2,4,1,3,2
male,25,15,yes,no,3,2,1,4,3
male,25,15,no,no,2,4,1,4,2
male,25,15,yes,no,3,4,1,4,3
male,25,15,no,no,1,5,1,5,3
male,26,15,no,no,1,4,1,3,3
male,26,15,yes,yes,4,4,1,4,2
male,26,15,no,no,1,3,1,4,3
male,26,15,yes,no,4,4,1,5,1
male,26,15,yes,no,2,4,1,3,1
male,27,15,yes,no,2,4,1,2,3
male,27,15,no,no,3,4,1,2,2
male,27,15,yes,no,4,4,1,3,2
male,27,15,yes,no,1,4,1,2,1
male,27,15,no,no,4,4,1,4,2
male,27,15,no,no,4,3,1,3,3
male,27,15,no,no,2,4,1,3,2
male,27,15,no,no,3,3,1,2,4
female,28,15,yes,yes,2,5,1,2,1
female,28,15,no,no,2,4,1,3,2
male,28,15,no,no,3,3,1,3,4
male,28,15,yes,no,4,5,1,2,1
male,28,15,yes,no,2,4,1,4,2
male,28,15,yes,no,2,3,1,3,3
male,28,15,yes,yes,1,4,1,2,1
male,29,15,no,no,3,4,1,3,3
male,30,15,yes,no,2,3,1,1,5
male,30,15,yes,yes,2,4,1,3,2
male,30,15,no,no,2,4,1,3,4
male,30,15,no,no,3,4,1,3,4
male,30,15,no,no,2,2,1,2,3
male,30,15,no,no,3,4,1,4,1
male,30,15,no,no,4,4,1,4,3
male,30,15,yes,yes,3,4,1,5,5
male,30,15,no,no,,4,1,2,2
male,30,15,yes,no,4,4,1,3,4
male,31,15,yes,no,4,4,1,4,3
male,31,15,yes,no,3,4,1,3,4
male,31,15,no,no,3,4,1,4,4
male,31,15,yes,no,4,4,1,1,4
male,31,15,yes,no,2,4,1,3,4
male,31,15,no,no,3,3,1,3,4
male,31,15,no,no,2,4,1,2,2
male,31,15,yes,yes,3,3,1,3,4
female,32,15,no,no,3,3,2,3,4
male,32,15,yes,no,2,5,1,4,4
male,32,15,no,no,4,3,1,4,1
male,32,15,yes,no,2,4,1,5,5
male,32,15,no,no,2,4,1,3,1
male,33,15,yes,no,3,4,1,3,4
male,33,15,yes,no,2,4,1,3,3
male,33,15,no,no,2,4,1,3,4
male,34,15,yes,no,2,3,1,4,3
male,34,15,no,no,3,4,1,3,4
male,34,15,yes,no,3,3,1,3,4
male,34,15,yes,no,3,4,1,4,2
male,34,15,yes,no,4,3,1,4,3
male,35,15,yes,no,2,4,1,2,2
male,35,15,yes,no,2,3,1,4,4
male,36,15,no,no,2,3,1,3,3
female,37,15,yes,yes,1,4,1,2,4
male,37,15,yes,no,3,4,1,2,1
male,37,15,no,no,2,3,1,2,3
male,37,15,no,no,2,4,1,1,3
male,37,15,yes,no,2,5,1,2,4
male,38,15,no,no,2,4,1,2,3
male,39,15,yes,yes,2,3,1,2,3
female,40,15,no,no,2,4,1,3,2
male,40,15,yes,yes,2,4,1,3,4
male,40,15,no,no,2,4,1,2,3
male,41,15,yes,no,2,4,1,3,3
male,41,15,yes,no,2,4,1,4,5
male,41,15,yes,yes,4,3,1,4,5
male,42,15,no,no,3,3,1,4,5
male,44,15,yes,no,3,3,1,4,4
female,48,15,no,no,3,3,1,1,1
male,49,15,yes,no,1,5,1,4,2
male,50,15,yes,no,3,4,1,3,1
male,18,16,yes,no,2,3,1,3,5
male,19,16,no,no,2,4,1,3,1
male,22,16,yes,no,2,4,1,1,2
male,23,16,yes,yes,2,3,1,4,1
male,23,16,yes,no,4,3,1,4,3
male,24,16,yes,no,2,5,1,4,1
male,24,16,yes,yes,2,4,1,3,4
female,25,16,no,no,4,3,1,4,3
male,25,16,no,no,4,4,1,1,3
male,25,16,yes,no,4,4,1,4,2
male,25,16,yes,no,3,4,1,3,5
male,25,16,yes,no,5,3,1,5,4
male,26,16,yes,no,2,4,1,3,4
male,26,16,no,no,2,4,1,2,5
male,26,16,no,no,2,4,1,3,2
male,28,16,no,no,2,3,1,1,4
male,30,16,yes,yes,3,4,1,3,4
male,30,16,yes,no,3,3,1,2,4
male,31,16,no,no,2,4,1,2,5
male,32,16,no,no,2,4,1,2,4
male,33,16,yes,no,3,4,1,4,3
male,33,16,yes,yes,3,3,1,3,3
male,35,16,no,no,2,3,1,3,2
male,39,16,yes,no,4,3,1,4,5
male,47,16,no,no,1,5,1,1,5
male,58,16,no,no,1,4,1,2,2
male,15,17,yes,no,3,2,1,4,2
male,34,17,yes,no,3,4,1,3,3
female,17,18,yes,yes,5,4,2,4,5
male,17,18,yes,no,4,3,1,3,4
male,18,18,yes,yes,4,3,1,4,2
male,18,18,yes,no,4,3,1,4,4
male,18,18,yes,yes,3,3,1,4,1
male,19,18,no,no,3,4,1,4,4
female,20,18,yes,no,2,4,1,3,3
male,21,18,no,no,3,4,1,4,3
male,22,18,no,no,2,3,1,5,5
male,22,18,no,yes,2,4,1,1,5
male,22,18,no,no,2,4,1,4,2
male,23,18,no,no,5,2,1,5,4
male,23,18,no,no,2,4,1,4,4
male,24,18,no,no,3,3,1,3,5
male,24,18,yes,no,3,4,1,3,2
male,24,18,yes,no,3,4,1,3,3
male,24,18,no,no,2,3,1,4,2
female,25,18,no,no,2,3,1,3,1
male,25,18,no,no,4,4,1,4,2
female,26,18,no,no,2,3,1,3,3
male,26,18,yes,no,3,4,1,4,1
female,29,18,no,no,2,4,1,2,4
male,30,18,no,no,3,3,1,4,3
male,35,18,yes,no,3,2,1,4,2
male,48,18,yes,no,3,2,2,4,4
male,15,20,yes,no,1,4,1,5,1
male,16,20,no,no,3,2,1,4,5
male,16,20,yes,no,5,4,1,3,3
male,16,20,no,no,3,4,1,5,3
male,16,20,yes,no,2,2,1,4,3
male,16,20,yes,yes,2,3,1,5,5
male,17,20,no,no,2,4,1,5,2
male,17,20,no,no,3,4,1,4,2
male,17,20,yes,no,2,4,1,2,1
male,17,20,no,no,2,4,1,3,4
male,17,20,no,no,4,2,1,3,3
male,17,20,yes,no,2,3,1,4,3
male,17,20,yes,yes,4,3,2,4,5
male,18,20,no,no,3,4,1,3,2
male,18,20,yes,no,2,4,1,3,4
male,18,20,yes,no,2,5,1,3,1
male,18,20,no,no,4,4,1,5,1
male,18,20,no,no,2,4,1,5,1
male,18,20,no,no,3,4,1,4,3
male,18,20,yes,no,4,3,1,5,4
male,18,20,yes,no,3,2,1,5,1
male,18,20,yes,no,5,4,1,5,3
male,18,20,no,no,3,3,1,4,3
male,18,20,no,no,4,2,1,5,2
male,18,20,yes,no,3,3,1,4,2
male,18,20,no,no,4,5,1,4,1
male,18,20,no,no,4,4,1,4,2
male,18,20,no,no,2,4,1,3,2
male,18,20,yes,no,5,4,1,3,3
male,18,20,no,no,2,4,1,2,3
male,18,20,no,no,3,3,1,3,1
male,18,20,yes,no,5,3,1,4,5
male,18,20,yes,no,2,3,1,3,3
female,19,20,no,no,2,2,1,5,1
female,19,20,yes,no,3,4,1,3,5
female,19,20,yes,no,3,3,1,4,5
male,19,20,yes,no,2,4,1,4,5
male,19,20,no,no,4,4,1,3,5
male,19,20,yes,no,1,2,1,3,4
male,19,20,no,no,3,4,1,4,2
male,19,20,no,no,4,4,1,5,5
male,19,20,yes,no,2,4,1,3,3
male,19,20,yes,no,3,3,1,3,2
male,19,20,no,no,1,5,1,1,1
male,19,20,yes,yes,4,3,1,4,4
male,19,20,no,no,2,4,2,4,5
male,19,20,no,no,4,2,1,5,2
male,19,20,no,no,2,4,1,4,5
male,19,20,yes,no,4,3,1,2,3
male,19,20,no,no,2,5,1,2,1
male,19,20,yes,yes,3,3,1,3,2
female,20,20,yes,no,2,5,1,3,2
male,20,20,yes,no,3,4,1,4,3
male,20,20,yes,yes,5,4,1,5,3
male,20,20,no,no,4,4,1,3,5
male,20,20,yes,no,3,3,1,4,3
male,20,20,no,no,2,4,1,4,2
male,20,20,yes,no,3,2,2,3,5
male,20,20,yes,yes,3,3,1,5,2
male,20,20,no,no,1,4,1,3,1
male,20,20,no,no,3,3,1,2,3
male,20,20,yes,no,3,2,1,3,5
male,20,20,yes,yes,5,3,1,5,2
male,20,20,yes,no,4,4,1,4,4
male,20,20,no,no,2,4,1,5,3
male,20,20,yes,yes,5,4,2,5,5
female,21,20,yes,no,3,4,1,3,1
male,21,20,yes,no,3,3,1,4,3
male,21,20,no,no,2,2,1,1,5
male,21,20,yes,no,2,4,1,4,4
male,21,20,no,no,2,4,1,2,1
male,21,20,no,no,4,3,1,5,5
male,21,20,yes,no,2,4,1,4,2
male,21,20,yes,yes,2,4,1,5,1
male,21,20,yes,no,3,4,1,3,4
male,21,20,no,no,4,4,1,5,1
male,21,20,yes,yes,4,2,1,5,5
male,21,20,no,no,2,4,1,5,2
male,21,20,no,no,3,4,1,4,2
male,21,20,yes,no,1,5,1,4,1
male,21,20,yes,no,2,3,1,4,5
male,21,20,yes,no,2,3,1,3,3
male,21,20,no,no,5,3,1,3,5
male,21,20,yes,no,3,4,1,5,1
male,21,20,no,no,2,4,1,5,1
male,21,20,yes,no,2,4,1,5,2
male,21,20,yes,no,2,3,1,2,3
male,21,20,no,no,2,4,1,2,2
male,21,20,no,no,2,4,1,2,1
male,21,20,yes,no,5,3,2,4,5
female,22,20,no,no,3,4,1,4,3
male,22,20,no,no,3,4,1,3,5
male,22,20,no,no,2,3,1,4,2
male,22,20,yes,no,4,2,2,4,5
male,22,20,yes,no,5,3,1,5,3
male,22,20,no,no,2,4,1,0,0
male,22,20,yes,yes,4,3,1,3,4
male,22,20,no,no,3,2,1,3,3
male,22,20,yes,no,3,3,1,3,2
male,22,20,yes,no,3,4,1,5,3
male,22,20,yes,no,4,4,1,4,4
male,22,20,no,no,4,4,1,4,3
male,22,20,yes,no,3,4,1,4,5
male,22,20,no,no,1,4,1,4,2
male,22,20,no,no,2,4,1,4,2
male,22,20,yes,yes,2,2,1,5,4
male,22,20,no,no,4,5,1,3,4
male,22,20,no,no,3,4,1,3,1
male,22,20,no,no,3,3,1,4,5
male,22,20,no,no,4,3,1,3,2
male,22,20,no,no,1,4,1,4,3
male,22,20,yes,no,3,2,1,2,3
male,22,20,yes,no,2,4,1,4,4
female,23,20,no,no,4,3,2,3,3
male,23,20,yes,yes,2,4,1,4,5
male,23,20,no,no,3,4,1,4,2
male,23,20,yes,no,3,3,1,4,4
male,23,20,no,no,2,3,1,3,1
male,23,20,no,no,2,2,1,3,4
male,23,20,no,no,2,4,1,3,5
male,23,20,yes,yes,2,4,1,3,5
male,23,20,no,no,1,4,1,4,5
male,23,20,no,no,3,4,1,3,2
male,23,20,no,no,2,4,1,4,2
male,23,20,yes,no,2,4,1,3,2
male,23,20,no,no,3,2,1,5,5
male,23,20,yes,no,3,4,1,3,2
male,23,20,yes,no,3,4,1,3,2
male,23,20,yes,no,2,3,1,4,5
male,23,20,yes,no,3,3,1,5,4
male,23,20,no,no,2,3,1,4,1
male,23,20,yes,yes,3,3,2,4,4
male,23,20,yes,yes,4,3,1,4,3
male,23,20,no,no,3,3,1,5,3
male,23,20,yes,no,5,5,1,4,3
male,23,20,no,no,3,4,1,4,1
male,23,20,no,no,2,4,1,4,2
male,24,20,no,no,2,4,1,2,5
male,24,20,no,no,2,4,1,2,3
male,24,20,yes,no,2,3,1,4,3
male,24,20,no,no,1,4,1,4,3
male,24,20,no,no,3,4,1,3,3
male,24,20,yes,no,5,4,2,4,5
male,24,20,yes,yes,2,4,1,5,2
male,24,20,yes,yes,2,4,1,4,4
male,24,20,no,no,4,4,1,4,2
male,24,20,yes,no,3,4,1,4,5
male,24,20,no,no,2,4,1,2,2
male,24,20,yes,no,3,2,1,4,1
male,24,20,yes,no,2,4,1,4,2
male,24,20,no,no,2,4,1,3,2
male,24,20,yes,no,2,3,1,3,2
male,24,20,no,no,1,4,1,3,2
male,24,20,yes,yes,3,3,1,3,2
male,24,20,no,no,4,4,1,5,5
male,24,20,no,no,3,3,1,3,1
male,24,20,yes,yes,5,3,2,4,5
male,24,20,yes,yes,3,3,1,4,2
female,25,20,no,no,3,4,1,2,4
male,25,20,yes,yes,3,4,1,3,3
male,25,20,yes,no,3,4,1,3,2
male,25,20,no,no,2,4,1,4,4
male,25,20,no,no,4,3,1,5,4
male,25,20,no,no,2,5,1,3,2
male,25,20,no,no,3,3,1,3,3
male,25,20,yes,no,4,4,1,4,5
female,26,20,yes,yes,4,3,1,2,1
male,26,20,no,no,2,4,1,4,4
male,26,20,yes,yes,2,4,1,3,4
male,26,20,yes,no,3,4,1,3,1
male,26,20,yes,no,2,4,1,4,3
male,26,20,yes,no,3,3,1,2,2
male,26,20,yes,no,2,4,1,3,3
male,26,20,yes,no,5,2,1,4,5
male,26,20,yes,no,4,3,1,3,5
male,26,20,yes,no,2,3,1,3,4
male,26,20,yes,no,2,3,1,3,2
male,27,20,no,yes,1,3,1,3,2
male,27,20,yes,no,1,2,1,3,2
male,27,20,yes,no,2,4,1,2,2
male,27,20,yes,no,1,4,1,3,4
male,27,20,yes,no,5,2,2,2,3
male,27,20,no,no,2,3,1,4,2
male,27,20,yes,no,2,3,1,3,4
male,27,20,yes,no,3,4,1,4,2
male,27,20,yes,no,1,3,1,4,3
male,27,20,yes,yes,5,3,1,4,4
male,27,20,yes,no,4,4,1,4,3
male,27,20,no,yes,3,3,1,2,4
male,27,20,yes,no,2,4,1,2,4
female,28,20,yes,yes,3,4,1,3,3
male,28,20,yes,no,1,5,1,1,5
male,28,20,no,no,2,4,1,3,2
male,28,20,yes,no,4,3,1,3,4
male,28,20,yes,no,2,4,1,4,3
male,28,20,no,no,4,3,1,5,3
male,28,20,no,no,3,4,1,4,2
male,28,20,yes,no,5,4,1,2,4
male,28,20,no,no,2,3,1,3,5
male,28,20,no,no,2,4,1,4,4
male,28,20,no,no,3,4,1,3,3
male,28,20,yes,no,2,5,1,2,1
male,28,20,yes,no,2,3,1,4,4
male,28,20,yes,no,3,4,1,5,2
female,29,20,no,yes,2,4,1,2,2
female,29,20,yes,no,4,3,1,3,2
male,29,20,yes,no,3,3,1,4,3
male,29,20,no,no,2,4,1,1,2
male,29,20,yes,no,2,3,1,4,3
male,29,20,no,no,3,4,1,2,5
male,29,20,yes,yes,5,4,1,5,5
male,29,20,no,no,2,4,1,5,5
male,29,20,yes,no,3,2,1,4,5
male,29,20,yes,yes,2,3,1,1,1
male,30,20,yes,yes,2,4,1,4,2
male,30,20,no,no,1,4,1,4,2
male,30,20,yes,no,4,4,1,4,3
male,30,20,no,no,5,4,1,5,5
male,30,20,yes,no,2,5,1,3,3
male,30,20,no,no,2,4,1,4,1
male,30,20,yes,no,5,3,1,4,4
male,30,20,no,yes,4,3,1,4,3
male,30,20,yes,no,3,3,1,4,4
male,30,20,yes,yes,2,3,1,3,5
female,31,20,no,yes,2,4,1,2,1
male,31,20,no,no,4,3,1,3,4
male,31,20,no,no,1,4,1,3,2
male,31,20,yes,no,2,3,1,5,2
male,31,20,yes,no,5,2,2,3,2
male,31,20,no,no,2,4,1,2,3
male,31,20,no,no,4,4,1,4,4
male,31,20,no,no,2,4,1,4,4
male,31,20,yes,no,3,3,1,3,5
male,31,20,yes,yes,3,4,1,4,3
male,31,20,yes,yes,2,5,1,3,5
male,31,20,yes,yes,2,5,1,3,5
male,31,20,yes,yes,3,4,1,2,3
female,32,20,yes,yes,3,4,1,1,4
female,32,20,yes,no,2,3,1,3,5
male,32,20,yes,yes,2,4,1,4,5
male,32,20,yes,yes,2,4,1,5,1
male,32,20,yes,yes,4,4,2,4,4
male,32,20,yes,no,4,4,1,3,5
male,32,20,no,no,1,3,1,4,5
male,32,20,yes,no,2,4,1,3,4
male,32,20,yes,yes,4,3,2,2,3
male,32,20,no,no,1,4,1,3,1
male,32,20,yes,no,2,4,1,4,4
male,32,20,no,no,2,3,1,3,2
male,32,20,yes,no,3,4,1,5,2
male,32,20,yes,no,1,4,1,4,1
female,33,20,yes,no,1,4,1,3,3
female,33,20,no,no,2,3,1,2,2
male,33,20,yes,no,2,4,1,3,1
male,33,20,yes,no,2,4,1,4,2
male,33,20,yes,no,2,4,1,3,3
male,33,20,no,no,4,3,1,3,4
male,33,20,no,no,3,4,1,4,3
male,33,20,no,no,2,4,1,4,1
male,33,20,yes,no,5,4,1,3,4
female,34,20,yes,yes,2,4,1,2,3
female,34,20,yes,no,3,3,1,3,5
male,34,20,yes,yes,1,3,1,5,3
male,34,20,yes,no,2,5,1,2,2
male,34,20,yes,no,3,4,1,3,3
male,34,20,no,no,1,3,1,1,3
male,34,20,yes,no,2,3,1,3,4
male,34,20,no,no,3,4,1,2,4
male,34,20,yes,no,2,4,1,4,4
male,34,20,yes,no,4,3,1,4,5
male,34,20,no,no,2,4,1,2,2
male,34,20,no,no,2,3,1,3,1
male,34,20,yes,yes,4,5,1,4,4
female,35,20,no,no,2,4,1,2,2
male,35,20,no,no,1,4,1,3,3
male,35,20,yes,no,1,4,1,2,1
male,35,20,yes,yes,4,3,1,2,2
male,35,20,yes,no,4,2,1,3,4
male,35,20,no,no,2,4,1,4,2
male,35,20,yes,no,1,3,1,3,1
male,35,20,yes,no,3,2,1,3,2
male,35,20,yes,yes,4,3,1,5,2
male,35,20,yes,yes,5,4,1,5,2
male,35,20,yes,no,2,3,1,5,3
male,35,20,yes,yes,2,3,2,2,4
female,36,20,yes,no,4,3,1,4,2
male,36,20,yes,yes,2,4,2,3,4
male,36,20,yes,no,4,4,1,3,3
male,36,20,no,no,3,4,1,4,1
male,36,20,no,no,1,4,1,3,1
female,37,20,no,no,3,4,1,4,5
male,37,20,yes,yes,4,4,1,5,5
male,37,20,yes,no,2,2,1,4,5
male,37,20,no,yes,2,4,1,3,1
male,37,20,yes,no,1,2,1,4,4
male,38,20,yes,yes,2,3,1,2,3
male,38,20,no,no,3,4,1,3,3
male,39,20,yes,yes,3,3,1,5,4
male,39,20,yes,yes,2,4,1,3,3
male,39,20,yes,no,2,3,1,2,4
male,39,20,no,no,4,5,1,4,4
male,39,20,yes,no,4,3,1,3,5
male,40,20,yes,no,1,4,1,2,3
male,40,20,yes,no,4,4,1,4,4
male,41,20,no,no,4,4,1,4,5
male,41,20,yes,no,2,3,1,3,4
male,41,20,yes,no,2,4,1,2,3
male,42,20,yes,no,5,4,1,4,4
male,43,20,no,yes,2,3,1,3,4
male,43,20,no,no,3,4,1,3,4
male,46,20,yes,no,1,4,1,4,1
male,47,20,yes,no,2,4,1,3,3
female,48,20,no,no,2,4,1,3,2
male,48,20,yes,yes,3,3,1,4,2
male,50,20,yes,yes,3,4,1,4,4
female,51,20,yes,no,4,3,1,2,3
female,51,20,no,no,3,3,1,2,1
male,55,20,yes,yes,1,4,1,3,1
male,15,21,yes,no,2,3,1,5,3
male,19,21,yes,no,4,4,1,4,3
male,19,21,yes,no,2,3,1,3,4
male,19,21,yes,no,3,4,1,5,1
male,20,21,no,no,4,2,1,4,2
male,22,21,no,no,3,4,1,5,1
male,22,21,yes,no,3,2,2,3,4
male,23,21,yes,yes,4,3,1,2,3
male,24,21,yes,yes,3,3,1,5,3
male,27,21,yes,no,2,2,1,4,5
male,27,21,no,no,2,3,1,3,5
male,27,21,yes,no,2,3,1,3,4
male,33,21,yes,no,3,3,1,3,4
male,36,21,no,no,4,4,1,4,4
male,37,21,yes,yes,1,5,1,4,3
female,47,21,yes,no,3,4,1,1,3
male,19,22,yes,no,1,4,1,4,1
male,21,22,no,no,1,3,1,4,5
male,24,22,yes,no,2,4,1,3,4
male,39,22,yes,yes,3,4,1,5,4
male,40,22,no,no,3,3,1,3,4
male,22,23,no,no,3,4,1,3,5
male,22,23,yes,no,4,2,1,4,5
male,17,24,yes,no,3,3,1,3,5
male,17,24,yes,yes,4,4,1,5,2
male,17,24,yes,no,4,2,1,5,2
male,18,24,no,no,2,5,1,3,1
male,18,24,no,no,2,5,1,3,1
male,18,24,yes,no,2,3,1,4,1
male,18,24,yes,no,3,3,1,4,3
male,18,24,yes,no,4,3,1,4,3
male,18,24,yes,no,4,4,1,4,4
male,18,24,no,no,4,2,1,3,4
male,18,24,no,no,2,4,1,4,2
male,18,24,no,no,3,3,1,5,1
male,18,24,yes,no,2,3,1,4,2
male,20,24,no,no,5,5,1,5,2
male,21,24,yes,no,4,3,1,4,3
male,21,24,yes,no,3,3,1,4,2
male,21,24,yes,yes,3,4,1,4,1
male,21,24,no,no,4,2,2,3,4
male,21,24,yes,no,3,3,1,5,2
male,21,24,yes,yes,2,2,1,4,3
male,22,24,yes,no,2,3,1,3,4
male,22,24,no,no,5,4,1,5,1
male,23,24,no,no,2,4,1,5,3
female,24,24,no,no,2,2,1,3,5
male,24,24,no,no,2,4,1,3,1
male,24,24,yes,no,2,3,1,4,3
male,25,24,yes,yes,2,3,1,3,5
male,26,24,yes,no,4,3,1,3,1
male,26,24,yes,yes,1,4,1,3,1
male,27,24,no,no,4,3,1,4,4
male,27,24,yes,no,2,4,1,4,4
male,28,24,yes,no,3,4,1,4,3
male,28,24,yes,no,3,4,1,4,2
male,28,24,no,no,2,3,1,4,5
male,28,24,yes,no,3,5,1,4,1
male,28,24,yes,no,2,4,1,3,1
male,29,24,yes,no,2,3,2,4,5
male,30,24,yes,no,3,2,1,4,4
male,30,24,no,no,3,3,1,3,4
female,31,24,no,no,2,5,1,1,3
male,31,24,no,no,3,3,1,3,3
female,35,24,no,no,2,4,1,3,3
male,35,24,yes,no,3,3,1,4,4
male,35,24,no,no,3,3,1,3,5
male,36,24,yes,no,3,3,1,3,3
male,36,24,no,no,4,3,1,4,4
male,37,24,yes,no,1,3,1,4,1
male,41,24,yes,no,3,3,1,2,2
male,41,24,yes,no,2,4,1,5,4
male,49,24,yes,yes,3,3,1,3,4
female,57,24,no,no,2,3,1,2,3
male,16,25,yes,yes,4,4,1,5,4
male,16,25,no,no,2,4,1,3,2
male,16,25,no,no,3,4,1,4,3
male,17,25,yes,no,2,3,1,3,2
male,17,25,no,no,2,5,1,2,4
male,17,25,yes,yes,3,4,1,3,4
male,18,25,yes,yes,2,4,1,5,3
male,18,25,yes,no,3,4,1,5,1
male,18,25,no,no,3,2,2,5,5
male,18,25,yes,no,3,4,1,5,1
male,18,25,no,no,2,2,1,2,3
male,18,25,yes,no,3,4,1,3,1
male,19,25,no,no,3,3,1,3,2
male,19,25,yes,no,2,4,1,5,5
male,19,25,yes,yes,4,4,2,5,2
male,20,25,no,no,2,3,1,2,5
male,20,25,yes,no,4,3,1,4,2
male,20,25,yes,no,2,5,1,5,5
male,21,25,yes,no,3,2,1,3,4
male,21,25,yes,no,2,4,1,3,4
male,21,25,no,no,3,3,1,4,3
male,21,25,yes,no,3,3,1,5,5
male,21,25,yes,yes,2,3,1,4,4
male,21,25,yes,no,2,3,1,5,4
male,22,25,yes,no,3,3,1,3,3
male,22,25,yes,no,2,5,1,3,3
male,22,25,yes,no,4,4,1,4,4
male,22,25,yes,yes,2,3,1,2,5
male,22,25,yes,yes,2,3,1,4,5
male,22,25,yes,yes,3,2,1,5,3
male,22,25,yes,no,4,2,1,5,4
male,22,25,yes,no,3,2,1,4,4
male,22,25,yes,yes,2,4,1,4,3
male,22,25,yes,yes,2,3,1,3,3
female,23,25,yes,no,2,3,1,2,4
male,23,25,no,no,2,3,1,4,5
male,23,25,yes,no,3,4,1,3,2
male,23,25,yes,no,2,4,1,3,2
male,23,25,yes,no,3,4,1,5,2
male,23,25,yes,yes,2,4,1,4,3
male,23,25,no,no,2,4,1,3,4
male,24,25,no,no,2,3,1,2,1
male,24,25,no,no,3,3,1,4,2
male,24,25,no,no,2,3,1,3,1
male,24,25,yes,no,4,4,2,5,4
male,24,25,yes,no,4,3,1,4,5
male,24,25,yes,no,3,4,1,4,1
male,25,25,yes,no,1,3,1,4,2
male,25,25,no,no,2,4,1,2,1
male,25,25,yes,no,2,4,1,3,5
male,25,25,yes,no,3,4,1,4,3
male,25,25,yes,yes,4,3,1,4,4
male,25,25,yes,yes,2,4,1,3,3
female,26,25,yes,yes,1,5,1,2,3
male,26,25,yes,yes,2,4,1,3,3
male,26,25,yes,no,1,4,1,3,1
male,26,25,yes,no,2,4,1,5,2
male,26,25,no,no,2,4,1,3,4
male,26,25,yes,no,3,4,1,3,3
male,26,25,yes,no,2,3,1,3,2
male,26,25,no,no,1,3,1,5,2
female,27,25,yes,no,3,2,1,3,4
male,27,25,yes,no,4,4,1,3,1
male,27,25,yes,yes,3,3,1,5,4
male,27,25,no,yes,3,4,1,2,3
male,28,25,yes,no,2,4,1,3,1
male,28,25,yes,yes,2,4,1,5,1
male,28,25,no,no,3,3,1,3,4
male,29,25,yes,yes,1,4,1,4,1
male,29,25,yes,yes,2,3,1,3,3
male,29,25,yes,no,2,4,1,4,3
male,29,25,yes,yes,4,2,1,3,4
male,29,25,no,no,4,4,1,3,3
female,30,25,no,no,3,3,1,2,4
male,30,25,yes,no,2,3,1,2,5
male,30,25,yes,no,2,3,1,5,3
female,31,25,yes,yes,3,4,1,3,2
male,31,25,yes,no,3,3,1,4,4
female,32,25,yes,no,2,4,1,1,5
male,32,25,yes,no,4,3,1,4,5
male,32,25,yes,no,2,5,1,4,1
male,32,25,yes,yes,3,3,1,4,1
female,33,25,no,yes,2,4,1,1,3
female,33,25,yes,no,2,4,1,4,2
female,33,25,yes,yes,2,4,1,1,5
female,33,25,no,no,4,3,1,3,1
male,33,25,no,yes,2,5,1,3,3
male,33,25,yes,no,3,4,1,3,3
male,33,25,no,no,2,4,1,5,4
female,34,25,yes,no,2,3,1,3,4
female,34,25,yes,yes,4,3,2,5,4
male,34,25,no,no,2,3,1,2,3
male,35,25,yes,yes,2,4,1,3,4
male,35,25,yes,yes,3,4,1,4,2
male,35,25,no,no,2,4,1,3,3
male,35,25,no,no,3,3,1,3,4
male,35,25,no,no,2,3,1,4,1
male,35,25,yes,yes,2,3,1,4,4
male,36,25,yes,no,3,4,1,3,3
male,36,25,yes,yes,3,3,1,4,3
male,37,25,no,no,3,3,1,4,2
male,37,25,no,no,3,4,1,3,2
male,38,25,yes,no,3,3,1,3,4
male,39,25,yes,no,2,4,1,2,4
male,39,25,no,no,1,4,1,5,5
female,40,25,no,no,1,4,1,3,4
male,40,25,no,no,2,3,1,5,3
male,40,25,yes,no,2,3,1,3,3
female,42,25,yes,no,3,3,1,3,3
male,43,25,no,no,3,3,1,2,5
male,47,25,yes,yes,4,3,1,5,5
female,48,25,yes,no,2,3,1,2,2
female,55,25,no,no,2,4,1,2,2
male,56,25,no,no,2,3,1,3,2
female,58,25,yes,yes,2,4,1,2,0
male,16,26,yes,no,4,4,1,0,5
male,25,26,yes,yes,3,3,1,5,5
male,36,26,yes,no,2,4,1,2,2
female,28,27,yes,no,2,5,1,5,1
male,37,27,yes,no,1,4,1,3,5
male,15,28,yes,no,3,2,1,4,5
male,16,28,no,no,2,4,1,4,3
male,18,28,no,no,4,3,1,4,2
male,19,28,yes,no,4,3,1,3,5
male,19,28,yes,no,3,3,1,3,2
male,19,28,no,no,5,3,1,4,1
male,20,28,no,no,3,3,1,4,1
male,22,28,yes,yes,3,4,1,4,2
male,22,28,no,no,2,4,1,3,1
male,22,28,yes,no,2,3,1,3,2
male,23,28,yes,no,4,3,1,4,2
male,24,28,no,no,3,2,1,3,1
male,24,28,yes,no,2,3,1,3,4
female,25,28,yes,no,2,4,1,1,1
male,26,28,yes,no,4,3,1,5,4
male,27,28,no,no,5,3,1,3,2
male,27,28,yes,no,3,3,1,4,4
male,28,28,yes,yes,3,3,1,3,2
male,31,28,no,no,5,2,1,4,3
male,34,28,yes,no,3,2,2,5,5
male,34,28,yes,no,5,3,1,2,3
male,35,28,no,no,2,4,1,4,4
male,37,28,yes,no,3,4,1,3,4
male,37,28,no,no,4,3,1,3,5
male,18,29,yes,no,2,4,1,5,1
male,14,30,no,no,3,4,1,2,2
male,14,30,yes,no,2,3,2,4,2
male,15,30,yes,no,3,4,1,5,2
male,17,30,yes,no,2,3,1,4,5
male,17,30,yes,no,3,3,1,4,1
male,17,30,yes,no,2,4,1,5,3
male,18,30,no,no,2,4,1,5,1
male,18,30,yes,no,1,5,1,1,1
male,18,30,yes,yes,3,2,1,3,3
male,18,30,yes,no,4,2,1,4,4
male,18,30,no,no,3,3,1,5,2
male,18,30,yes,yes,3,3,1,3,2
male,18,30,yes,no,2,3,1,4,2
male,18,30,no,no,2,4,1,4,2
male,18,30,yes,yes,5,1,1,5,5
male,18,30,yes,no,5,4,1,5,3
female,19,30,yes,no,2,4,1,2,2
male,19,30,yes,no,2,3,1,3,3
male,19,30,yes,no,3,3,1,4,3
male,19,30,no,no,4,4,1,5,1
male,19,30,yes,yes,5,4,1,5,1
male,20,30,yes,yes,2,4,1,5,1
male,20,30,no,no,3,3,1,3,2
male,20,30,yes,no,1,4,1,4,2
male,20,30,no,no,1,3,1,1,5
male,20,30,yes,yes,2,3,1,4,5
male,20,30,no,no,2,3,1,4,3
male,20,30,yes,no,3,3,1,5,4
male,20,30,yes,no,2,3,1,3,2
male,20,30,yes,no,3,3,1,3,3
male,20,30,yes,yes,1,4,1,4,4
male,20,30,yes,yes,2,3,1,5,1
male,20,30,yes,yes,4,3,1,4,2
male,20,30,yes,no,3,3,1,4,4
male,20,30,yes,no,3,3,1,4,2
female,21,30,yes,no,3,3,1,3,4
male,21,30,yes,no,3,4,1,4,3
male,21,30,yes,yes,5,2,2,4,5
male,21,30,yes,no,2,2,1,3,3
male,21,30,yes,no,4,2,2,4,2
male,21,30,no,no,3,3,1,2,4
male,21,30,yes,no,4,3,1,4,3
male,21,30,no,no,4,,1,4,4
male,21,30,yes,yes,1,3,1,4,1
male,21,30,yes,no,4,3,1,4,4
male,21,30,yes,no,2,2,2,5,5
male,21,30,yes,no,3,2,1,3,4
male,21,30,no,no,1,4,1,4,5
male,21,30,yes,no,2,4,1,5,3
male,21,30,no,no,3,3,1,4,3
male,21,30,no,no,3,3,1,4,3
male,21,30,yes,no,3,4,1,4,3
male,21,30,yes,yes,4,3,1,5,4
male,21,30,yes,no,3,4,1,4,2
female,22,30,yes,yes,2,4,1,4,4
male,22,30,yes,yes,4,4,1,5,5
male,22,30,yes,yes,2,4,1,4,4
male,22,30,yes,no,5,4,1,5,3
male,22,30,yes,no,5,2,1,4,3
male,22,30,yes,no,5,5,1,3,1
male,22,30,yes,no,3,3,1,5,2
male,22,30,yes,yes,3,2,1,2,5
male,22,30,yes,yes,3,2,1,5,5
male,22,30,no,no,5,2,1,4,5
male,22,30,yes,no,3,4,1,3,1
male,22,30,no,no,2,3,1,3,5
male,22,30,yes,no,3,2,2,3,5
male,22,30,yes,no,4,3,1,3,1
male,22,30,yes,yes,5,3,1,4,4
male,22,30,yes,no,1,4,1,4,3
male,22,30,yes,no,4,3,1,3,5
male,22,30,yes,yes,3,4,1,3,2
female,23,30,yes,yes,2,3,1,3,4
male,23,30,yes,no,3,3,1,4,2
male,23,30,yes,yes,3,5,1,4,2
male,23,30,no,no,3,5,1,5,1
male,23,30,no,no,2,3,1,4,4
male,23,30,yes,no,4,3,1,5,1
male,23,30,yes,no,3,3,1,3,5
male,23,30,yes,no,4,3,1,3,2
male,23,30,no,no,2,2,1,4,5
male,23,30,yes,no,4,4,2,2,4
female,24,30,no,no,3,4,1,3,1
male,24,30,yes,no,4,2,1,5,2
male,24,30,yes,no,2,3,1,3,3
male,24,30,yes,no,4,3,2,5,4
male,24,30,yes,no,3,3,1,4,2
male,24,30,no,no,3,2,1,4,2
male,24,30,yes,no,1,5,1,5,1
male,24,30,no,no,3,4,1,2,4
male,24,30,yes,no,5,2,1,4,5
male,24,30,yes,no,5,3,1,5,5
male,24,30,no,no,2,3,1,3,2
male,24,30,no,no,4,2,1,3,5
female,25,30,no,no,2,3,1,3,3
female,25,30,no,no,2,2,1,3,4
male,25,30,yes,yes,4,3,1,5,2
male,25,30,yes,no,5,4,1,4,3
male,25,30,yes,no,2,4,1,2,1
male,25,30,no,no,3,4,1,3,4
male,25,30,yes,no,2,4,2,4,4
male,25,30,no,no,5,2,1,4,4
male,25,30,yes,no,5,2,1,4,4
male,25,30,yes,yes,4,3,1,5,1
female,26,30,yes,no,3,3,1,4,2
female,26,30,yes,no,3,4,1,3,4
male,26,30,yes,no,4,4,1,3,1
male,26,30,yes,yes,5,2,2,3,2
male,26,30,yes,yes,2,3,1,2,4
male,26,30,yes,no,1,5,1,1,1
male,26,30,yes,no,4,3,1,3,1
male,26,30,yes,no,4,4,1,5,3
male,26,30,yes,no,4,3,1,4,5
male,26,30,yes,no,3,3,1,3,5
male,26,30,yes,no,2,4,1,3,3
male,26,30,yes,no,3,4,1,3,1
male,26,30,yes,no,4,4,2,2,1
male,26,30,no,no,2,4,1,3,3
male,26,30,yes,no,5,3,1,4,4
female,27,30,yes,yes,3,3,1,2,2
female,27,30,yes,yes,2,3,1,5,3
male,27,30,no,no,3,3,1,3,3
male,27,30,yes,no,4,3,1,3,3
male,27,30,no,no,3,3,1,2,2
male,27,30,no,no,3,4,1,5,3
male,27,30,yes,no,2,4,1,3,2
male,27,30,yes,yes,2,5,1,4,3
male,27,30,yes,yes,5,2,1,4,4
male,27,30,yes,yes,3,3,1,5,2
male,28,30,yes,no,1,4,1,3,2
male,28,30,yes,no,3,4,1,5,1
male,28,30,yes,yes,2,4,1,4,1
male,28,30,no,no,5,2,1,4,4
male,28,30,yes,no,2,3,1,3,2
male,28,30,yes,yes,4,3,1,2,4
male,28,30,yes,no,3,3,1,2,2
female,29,30,yes,no,3,4,1,3,3
female,29,30,yes,yes,3,4,1,2,2
male,29,30,yes,no,1,4,1,4,3
male,29,30,yes,yes,3,3,1,4,3
male,29,30,no,no,4,3,1,5,3
male,29,30,yes,yes,1,5,1,2,4
male,29,30,yes,no,3,3,1,4,4
male,29,30,yes,no,2,4,1,5,5
female,30,30,yes,yes,1,4,1,3,4
female,30,30,yes,yes,4,3,1,4,3
male,30,30,yes,yes,2,4,1,3,3
male,30,30,no,no,1,5,1,2,3
male,30,30,yes,no,2,3,1,3,1
male,30,30,yes,yes,4,3,2,4,3
male,30,30,yes,yes,2,3,1,2,1
male,30,30,yes,yes,4,3,1,3,4
male,30,30,yes,yes,3,4,1,4,3
male,30,30,yes,no,2,5,1,4,4
male,30,30,yes,no,2,4,1,2,2
male,30,30,yes,no,1,4,1,3,1
male,30,30,yes,no,3,4,1,2,3
male,30,30,yes,no,5,2,2,4,5
male,30,30,yes,no,2,3,1,4,2
female,31,30,yes,yes,5,2,1,3,5
male,31,30,no,no,2,3,1,3,2
male,31,30,yes,yes,3,3,2,5,4
male,31,30,yes,yes,3,4,1,4,1
male,31,30,yes,no,4,2,1,4,3
female,32,30,yes,no,2,4,1,4,4
male,32,30,yes,no,3,3,1,3,3
male,32,30,no,yes,3,3,1,4,4
male,32,30,no,no,2,2,1,3,4
male,32,30,yes,yes,4,4,1,3,2
male,32,30,yes,no,2,4,1,4,2
male,32,30,yes,no,2,4,1,4,2
male,32,30,yes,yes,2,4,1,4,3
male,32,30,yes,no,2,3,1,4,3
male,32,30,yes,no,3,3,1,4,4
male,32,30,yes,yes,2,3,1,5,1
male,32,30,yes,yes,3,3,1,2,5
female,33,30,yes,yes,3,4,1,2,1
male,33,30,yes,no,2,4,1,3,3
male,33,30,yes,no,2,4,1,5,1
male,33,30,yes,no,5,4,1,4,1
male,33,30,yes,no,4,3,1,3,2
male,33,30,yes,no,3,2,1,2,5
male,33,30,yes,no,3,3,1,3,2
male,33,30,no,no,4,2,1,2,5
male,34,30,no,no,3,4,1,2,3
female,35,30,yes,yes,1,4,1,1,3
male,35,30,yes,no,5,3,1,4,3
male,35,30,yes,no,2,4,1,4,2
male,35,30,no,no,3,4,1,4,3
male,35,30,yes,no,2,3,1,4,3
male,35,30,yes,no,4,4,1,3,3
male,36,30,no,no,3,4,1,4,4
male,36,30,yes,no,2,4,1,3,3
male,36,30,yes,yes,4,4,2,5,4
male,36,30,yes,no,3,3,1,2,3
male,36,30,yes,yes,2,3,1,4,2
male,37,30,yes,yes,4,4,1,3,4
male,37,30,no,no,4,4,1,2,5
male,37,30,no,no,1,4,1,3,3
male,37,30,yes,yes,3,4,1,4,2
male,37,30,yes,no,3,3,1,3,5
female,38,30,yes,yes,2,4,1,2,1
male,38,30,yes,yes,4,4,1,3,3
male,38,30,yes,no,3,3,1,3,4
male,38,30,yes,no,4,3,1,3,2
male,38,30,yes,yes,4,4,1,4,2
male,39,30,yes,yes,4,3,1,4,5
male,39,30,yes,no,3,3,1,4,4
male,39,30,yes,no,2,3,1,4,4
male,39,30,yes,no,3,4,1,2,3
male,40,30,yes,yes,1,4,1,3,2
male,40,30,yes,yes,3,3,2,3,1
male,41,30,yes,no,2,4,1,3,1
male,41,30,yes,yes,2,4,1,4,4
female,42,30,no,no,2,4,1,4,5
male,43,30,yes,no,4,4,1,4,1
male,43,30,yes,yes,2,3,1,3,3
female,44,30,yes,no,1,3,1,4,1
male,45,30,yes,yes,3,3,1,4,1
male,48,30,yes,no,3,2,1,4,4
male,51,30,yes,no,2,3,1,3,2
female,52,30,yes,yes,3,3,1,4,4
male,55,30,yes,yes,3,3,1,4,4
male,33,31,yes,yes,2,4,2,3,2
male,17,32,yes,no,2,3,1,1,2
female,25,32,yes,no,5,3,1,4,4
male,28,32,yes,no,2,3,1,1,3
female,31,32,yes,yes,3,3,1,4,2
male,36,32,yes,no,2,4,1,2,2
female,50,32,no,no,1,2,1,2,2
male,39,33,no,no,4,3,1,5,3
male,19,34,yes,yes,3,3,1,5,3
male,15,35,yes,no,5,3,1,5,4
male,15,35,no,no,4,2,1,5,2
male,17,35,yes,no,2,2,1,3,3
male,18,35,yes,no,3,3,1,4,4
male,18,35,yes,no,3,2,1,4,4
male,19,35,no,no,2,2,1,4,5
male,19,35,no,no,3,3,1,3,2
male,19,35,yes,yes,2,4,1,4,3
male,19,35,no,no,1,4,1,3,4
male,20,35,no,no,4,3,1,5,2
male,20,35,yes,no,1,3,1,2,5
male,20,35,yes,no,1,4,1,4,2
male,20,35,no,no,2,5,1,5,1
male,20,35,no,no,3,3,1,1,5
female,21,35,yes,no,5,4,1,4,3
male,21,35,no,no,2,4,1,5,1
male,21,35,no,no,2,4,1,3,4
male,21,35,yes,yes,2,4,1,5,2
male,21,35,yes,no,3,3,1,4,5
male,21,35,no,no,3,3,1,4,2
male,21,35,no,no,3,4,1,3,3
male,21,35,yes,no,3,4,1,3,2
male,21,35,yes,no,2,3,1,3,3
male,21,35,yes,no,3,4,1,4,3
male,21,35,yes,no,4,3,1,5,2
male,22,35,yes,no,3,3,1,4,4
male,22,35,yes,no,2,4,1,3,3
male,22,35,no,yes,3,3,1,4,3
male,22,35,no,no,3,3,1,3,3
male,22,35,no,no,3,4,1,5,3
male,22,35,yes,yes,3,3,1,3,5
male,23,35,yes,no,2,3,1,2,1
male,23,35,yes,yes,4,3,1,4,5
male,23,35,yes,yes,5,2,1,4,3
male,23,35,yes,no,5,3,1,5,2
male,23,35,yes,no,3,3,1,3,4
male,23,35,yes,no,3,2,1,4,4
female,24,35,yes,yes,3,3,1,4,4
male,24,35,no,no,2,4,1,2,1
male,24,35,yes,no,3,4,1,3,5
male,24,35,yes,yes,3,2,1,2,5
male,25,35,yes,no,3,4,1,4,4
female,26,35,yes,no,2,4,1,3,5
female,26,35,no,no,3,3,1,3,4
male,26,35,yes,no,2,2,1,3,2
male,26,35,no,no,5,3,1,4,4
male,26,35,yes,no,3,3,1,4,5
male,26,35,yes,no,3,2,1,4,4
male,26,35,no,no,2,4,1,2,2
male,26,35,yes,no,5,3,1,4,2
male,27,35,yes,yes,3,3,1,3,2
male,27,35,yes,no,3,3,1,5,1
male,27,35,yes,no,2,3,1,3,2
male,28,35,no,no,2,4,1,3,5
male,28,35,yes,no,4,2,1,3,4
male,28,35,yes,no,2,4,1,4,1
male,28,35,yes,no,2,4,1,3,2
male,29,35,yes,no,3,4,1,4,3
male,29,35,yes,no,3,4,1,4,2
male,30,35,yes,yes,2,4,1,4,3
male,31,35,yes,yes,4,2,1,4,3
male,31,35,no,no,4,4,1,4,3
female,32,35,yes,yes,3,4,1,2,2
male,32,35,yes,yes,2,3,1,3,4
male,33,35,yes,no,3,3,1,3,4
male,33,35,yes,no,3,3,1,3,5
male,34,35,no,no,4,3,1,4,2
male,34,35,yes,no,3,1,1,3,3
male,34,35,no,no,5,1,1,2,5
male,35,35,yes,no,3,3,1,4,5
male,35,35,yes,yes,4,2,2,2,5
male,35,35,yes,no,4,2,1,3,4
male,36,35,yes,yes,3,3,1,4,4
male,36,35,no,no,3,3,1,4,1
female,37,35,yes,yes,2,2,1,2,4
female,39,35,yes,no,4,4,1,2,4
male,42,35,yes,yes,2,4,1,2,4
male,45,35,yes,yes,3,4,1,4,3
female,50,35,yes,no,4,2,1,3,3
male,55,35,yes,no,2,4,1,5,5
male,16,36,yes,no,4,3,1,3,3
male,19,36,yes,no,4,2,1,3,2
male,22,36,no,no,2,3,1,3,1
male,25,36,yes,yes,1,4,1,4,1
male,26,36,yes,no,2,3,1,3,3
male,15,37,yes,no,3,2,1,4,3
male,19,38,yes,yes,4,4,1,5,4
male,15,40,yes,no,2,5,1,5,5
male,16,40,yes,yes,5,1,1,5,4
male,16,40,no,no,2,4,1,5,2
female,18,40,yes,yes,4,4,1,3,3
male,18,40,yes,yes,3,4,1,5,2
male,18,40,yes,no,2,3,2,2,3
male,18,40,no,no,4,4,1,2,4
male,18,40,yes,no,3,2,2,5,5
male,18,40,yes,yes,4,2,1,5,4
male,19,40,yes,yes,5,3,1,5,5
male,19,40,yes,no,1,4,1,3,4
male,19,40,yes,no,3,3,1,5,4
male,19,40,yes,no,2,4,1,4,3
male,19,40,yes,no,2,4,1,5,1
male,19,40,yes,no,5,2,1,5,3
male,19,40,yes,no,4,3,1,5,3
male,20,40,yes,yes,2,4,1,4,2
male,20,40,no,yes,4,4,2,4,4
male,20,40,yes,no,3,3,1,5,4
male,20,40,yes,yes,2,3,1,5,1
male,20,40,yes,no,4,3,1,5,3
male,20,40,yes,no,3,3,1,2,5
male,20,40,yes,no,1,4,1,3,1
male,20,40,yes,yes,2,3,1,4,4
male,20,40,yes,no,2,3,1,3,4
male,20,40,no,no,2,5,1,5,2
female,21,40,no,no,3,3,1,2,5
male,21,40,yes,no,3,2,1,4,5
male,21,40,yes,yes,4,2,2,4,3
male,21,40,yes,no,2,3,1,5,3
male,21,40,yes,yes,2,2,1,3,4
male,21,40,yes,no,2,2,1,3,1
male,21,40,yes,no,3,3,1,3,4
male,21,40,yes,no,2,4,1,5,3
male,21,40,yes,yes,3,3,1,4,4
male,21,40,yes,no,3,3,1,4,4
male,21,40,yes,yes,3,2,1,5,4
female,22,40,yes,no,3,4,1,3,2
male,22,40,yes,no,3,2,1,5,5
male,22,40,yes,no,3,4,2,5,5
male,22,40,no,no,3,4,1,3,1
male,22,40,yes,yes,1,4,1,2,3
male,22,40,yes,no,1,4,1,5,1
male,22,40,yes,no,4,4,1,3,4
male,22,40,yes,yes,2,3,1,5,5
male,22,40,yes,no,3,3,1,4,4
male,22,40,yes,yes,3,4,1,2,4
male,22,40,yes,no,3,4,1,5,1
male,22,40,no,no,2,3,1,4,4
male,22,40,yes,no,2,3,1,2,2
male,22,40,yes,no,1,4,1,4,2
male,22,40,yes,yes,4,3,1,3,4
female,23,40,yes,no,3,4,1,3,3
male,23,40,yes,no,4,4,1,3,4
male,23,40,yes,yes,4,2,1,3,4
male,23,40,yes,no,3,4,1,5,3
male,23,40,yes,no,2,2,2,4,5
male,23,40,yes,no,3,4,1,3,3
female,24,40,yes,yes,1,3,1,3,4
male,24,40,yes,no,1,2,1,3,4
male,24,40,yes,yes,2,2,1,3,1
male,24,40,no,no,3,3,1,3,3
male,24,40,no,no,2,3,1,3,3
male,24,40,yes,no,4,3,1,5,4
male,24,40,yes,yes,3,3,1,4,4
male,24,40,no,no,2,3,1,4,2
female,25,40,yes,no,3,3,1,4,3
male,25,40,yes,yes,4,3,2,3,5
male,25,40,yes,yes,4,2,2,4,3
male,25,40,no,no,3,3,1,5,2
male,25,40,yes,no,2,4,1,4,3
male,25,40,yes,no,3,4,1,2,1
male,25,40,yes,yes,4,2,1,3,3
male,25,40,yes,yes,4,3,1,4,3
male,25,40,yes,yes,3,2,1,5,3
male,25,40,yes,no,1,3,1,4,3
female,26,40,yes,no,2,3,1,3,4
male,26,40,yes,yes,2,3,1,5,3
male,26,40,yes,yes,5,4,1,3,2
male,26,40,yes,yes,3,3,2,3,4
male,27,40,no,no,4,3,1,4,3
male,27,40,yes,no,3,2,1,4,2
male,27,40,yes,no,2,3,1,3,2
male,27,40,no,no,2,3,1,5,3
male,27,40,yes,no,3,4,1,4,3
male,27,40,yes,no,2,2,1,5,3
female,28,40,yes,no,2,3,1,2,4
female,28,40,yes,no,4,3,1,4,4
male,28,40,no,no,1,4,1,3,2
male,28,40,yes,yes,1,3,1,4,4
male,28,40,no,no,2,2,1,2,4
male,28,40,yes,no,2,3,1,4,3
male,28,40,yes,no,2,3,1,3,1
male,28,40,no,no,4,4,1,5,3
female,29,40,yes,no,3,4,1,2,3
male,29,40,yes,yes,2,4,1,4,5
male,29,40,yes,no,2,3,1,4,2
male,30,40,yes,no,2,3,1,3,4
male,30,40,yes,yes,4,3,1,3,5
male,30,40,yes,no,5,3,1,5,3
female,31,40,yes,yes,3,2,1,2,5
female,31,40,yes,no,3,3,1,3,2
male,31,40,yes,no,2,4,1,3,1
male,31,40,yes,no,2,3,1,4,1
male,32,40,yes,yes,2,4,1,4,4
male,32,40,yes,no,2,3,1,3,4
male,32,40,yes,yes,2,4,1,4,5
male,33,40,yes,no,2,4,1,3,4
male,34,40,yes,no,2,3,1,3,3
male,34,40,no,no,3,3,1,4,3
male,34,40,yes,no,3,3,1,3,4
male,35,40,yes,yes,4,4,1,4,4
female,36,40,yes,yes,5,3,1,3,3
male,36,40,yes,yes,5,3,1,3,5
male,36,40,yes,yes,2,3,1,4,3
male,36,40,no,no,2,4,1,2,3
male,36,40,yes,yes,3,2,1,3,3
male,36,40,yes,yes,3,3,1,3,2
male,37,40,yes,no,4,2,1,3,2
male,37,40,yes,no,4,3,1,3,4
male,37,40,no,no,5,4,1,5,3
male,37,40,yes,yes,4,2,1,4,5
male,39,40,yes,yes,3,,1,1,2
male,39,40,yes,no,3,3,1,4,1
female,41,40,yes,no,1,3,1,1,3
male,45,40,yes,yes,2,3,1,3,2
male,55,40,no,yes,3,3,1,3,3
male,56,40,yes,no,3,3,1,4,1
male,18,42,no,no,2,3,1,5,3
male,20,42,yes,no,4,2,1,5,5
male,22,42,yes,no,3,4,1,4,3
male,23,42,yes,yes,1,3,1,4,4
male,29,42,no,no,2,3,1,3,4
male,31,42,yes,yes,2,3,1,4,2
male,31,42,yes,no,4,3,1,3,4
male,37,42,no,no,3,3,1,2,5
male,16,44,yes,no,5,4,2,5,3
male,17,45,yes,no,4,3,1,4,4
male,18,45,yes,no,1,4,1,3,1
female,19,45,yes,no,5,3,1,5,5
male,21,45,yes,no,3,2,1,3,5
female,22,45,yes,no,3,3,1,4,4
male,23,45,yes,no,3,4,1,4,4
male,23,45,no,no,2,4,1,5,1
male,24,45,no,no,4,4,1,4,1
male,24,45,yes,yes,3,3,1,5,5
male,26,45,yes,yes,1,2,1,3,5
male,26,45,yes,yes,2,3,1,4,4
male,29,45,yes,yes,3,3,1,3,2
male,30,45,yes,no,3,4,1,4,2
male,33,45,yes,no,3,2,1,3,5
male,40,45,yes,no,4,4,1,2,2
male,47,45,yes,no,4,2,1,5,5
male,33,46,yes,no,2,4,1,2,3
male,16,48,yes,yes,5,2,1,2,5
male,19,48,yes,no,2,3,1,5,3
male,20,48,yes,no,3,3,1,4,3
male,21,48,yes,no,3,3,1,5,5
male,19,49,no,no,2,3,1,5,5
male,14,50,no,no,3,4,1,4,2
male,15,50,yes,no,4,3,1,5,3
male,16,50,yes,no,3,2,1,5,5
male,16,50,yes,no,2,3,1,4,2
male,16,50,yes,no,5,2,1,5,5
male,17,50,yes,no,3,3,2,3,5
male,17,50,yes,no,3,3,1,4,2
male,17,50,yes,no,5,4,1,4,4
male,18,50,yes,yes,2,3,1,4,2
male,18,50,yes,no,2,5,1,5,2
male,18,50,yes,no,3,3,1,5,3
male,18,50,no,no,3,3,1,4,3
male,18,50,yes,yes,3,2,1,5,1
male,19,50,yes,no,2,4,1,3,3
male,19,50,yes,no,2,3,1,4,5
male,19,50,yes,no,3,4,1,4,1
male,20,50,yes,no,3,2,1,4,3
male,20,50,yes,no,3,2,1,4,1
male,20,50,no,no,4,2,1,4,3
male,20,50,no,no,4,2,1,5,5
male,20,50,yes,no,5,2,1,5,5
female,21,50,yes,no,2,3,1,3,5
male,21,50,yes,no,2,2,1,3,
male,21,50,yes,no,4,3,1,4,1
male,21,50,yes,no,4,3,1,4,2
male,21,50,yes,no,2,2,1,3,3
male,21,50,yes,no,3,3,1,4,3
male,21,50,yes,no,4,4,1,4,2
male,21,50,yes,no,2,4,1,4,3
female,22,50,yes,no,4,4,1,1,2
male,22,50,no,no,4,4,1,4,1
male,22,50,yes,no,2,2,1,3,4
male,23,50,yes,yes,5,2,1,5,4
male,23,50,yes,yes,2,5,1,3,1
male,23,50,yes,no,2,2,1,4,3
male,23,50,yes,no,4,4,1,3,3
male,23,50,yes,no,4,3,1,5,5
male,23,50,yes,yes,4,2,2,4,5
male,23,50,yes,no,2,4,1,3,1
male,23,50,yes,no,3,3,2,3,3
male,24,50,yes,yes,2,4,1,5,3
male,24,50,yes,yes,3,3,1,4,1
male,25,50,yes,no,2,3,1,2,4
male,25,50,yes,yes,4,2,1,5,3
male,26,50,yes,yes,2,3,1,3,3
male,26,50,yes,yes,4,3,1,4,2
male,26,50,yes,no,5,2,1,5,5
male,26,50,yes,yes,3,2,1,5,3
male,27,50,yes,yes,5,2,2,5,4
male,28,50,yes,no,5,3,1,2,2
male,28,50,yes,no,3,2,1,5,5
male,29,50,yes,no,2,2,1,4,3
male,29,50,yes,no,5,2,1,4,5
male,29,50,yes,no,3,4,1,3,2
male,30,50,yes,yes,5,2,1,5,3
male,30,50,yes,no,4,3,1,4,1
male,30,50,yes,no,3,3,1,4,3
male,30,50,yes,yes,3,3,1,3,3
male,31,50,yes,no,3,3,1,4,4
male,31,50,yes,no,2,2,1,5,4
male,33,50,yes,yes,3,3,1,4,4
male,33,50,yes,yes,4,2,1,5,5
male,34,50,yes,no,5,2,1,5,4
female,35,50,yes,yes,3,2,1,3,3
male,36,50,no,no,3,3,1,4,3
male,36,50,yes,yes,3,2,2,2,2
female,37,50,yes,no,4,1,1,3,3
male,42,50,yes,no,4,3,1,2,2
female,45,50,yes,no,2,4,1,2,2
male,54,50,yes,no,3,2,1,4,4
male,59,50,yes,no,4,2,1,3,1
male,22,54,yes,no,4,3,1,5,1
female,52,54,yes,no,2,2,1,5,2
male,15,55,yes,no,3,2,1,4,4
male,18,55,no,no,1,5,1,5,1
male,22,55,yes,yes,5,2,1,5,3
female,26,55,yes,no,2,4,1,2,2
male,32,55,yes,no,4,2,1,3,4
male,18,56,yes,yes,5,2,1,4,4
male,18,56,yes,no,3,3,1,3,3
male,19,56,yes,no,5,3,1,5,1
male,21,56,yes,yes,3,2,1,4,2
male,21,56,yes,no,3,3,1,3,5
male,21,56,yes,no,1,3,1,4,2
male,22,56,yes,no,2,3,1,3,3
male,16,60,no,no,4,3,1,3,3
male,17,60,yes,no,3,2,1,5,4
male,18,60,no,no,2,5,1,4,5
male,18,60,yes,no,3,2,1,2,4
male,18,60,yes,no,1,4,1,3,3
male,19,60,yes,no,1,4,1,5,2
male,20,60,yes,yes,3,4,1,4,1
male,20,60,yes,no,4,3,1,4,4
male,20,60,yes,no,3,1,1,4,5
male,20,60,yes,no,4,3,2,4,5
male,21,60,yes,no,2,3,1,3,4
male,21,60,yes,yes,4,3,1,4,2
male,21,60,yes,no,3,2,1,3,5
male,22,60,yes,yes,5,2,2,5,5
male,23,60,yes,no,5,2,2,5,5
male,23,60,yes,no,2,2,1,4,4
male,24,60,yes,no,4,3,1,5,4
male,24,60,yes,yes,2,4,1,5,3
male,26,60,yes,no,5,2,1,4,4
male,26,60,yes,no,2,2,1,4,5
male,27,60,yes,no,5,3,1,5,3
male,27,60,yes,no,4,3,1,4,3
female,28,60,yes,yes,3,4,1,3,2
male,30,60,yes,no,2,2,1,3,4
male,31,60,yes,no,5,2,2,4,4
female,33,60,yes,no,4,2,1,2,4
male,33,60,yes,no,5,2,2,4,4
male,34,60,yes,yes,4,4,1,4,3
female,41,60,yes,yes,2,2,1,4,2
male,46,60,yes,yes,2,3,1,5,3
female,52,60,yes,no,3,2,1,2,2
male,21,64,yes,no,3,3,1,5,5
male,20,65,yes,yes,2,2,1,5,5
male,21,65,yes,yes,5,2,1,4,3
male,22,65,yes,yes,3,2,1,5,5
male,23,65,yes,no,3,4,1,4,2
male,27,65,yes,no,3,3,1,4,5
male,17,70,yes,no,3,2,1,3,5
male,18,70,yes,no,4,3,1,5,4
male,18,70,yes,no,4,2,1,4,5
male,18,70,yes,yes,5,2,2,5,1
male,18,70,yes,no,5,1,1,5,4
male,20,70,yes,yes,4,3,1,4,4
male,21,70,yes,no,1,2,1,4,3
male,22,70,yes,yes,1,4,1,3,3
male,22,70,yes,no,5,1,1,4,5
male,23,70,yes,no,2,3,1,4,3
male,27,70,yes,no,3,3,1,3,5
male,33,70,yes,no,2,3,1,3,3
male,21,72,yes,yes,2,4,1,3,3
female,22,72,yes,yes,3,3,1,3,5
male,22,72,yes,no,3,2,1,3,4
female,28,72,yes,no,3,2,1,2,4
male,23,74,yes,no,5,3,1,5,4
male,21,75,yes,no,4,3,1,4,1
male,18,80,no,no,4,4,1,5,3
male,20,80,yes,no,3,3,1,2,4
male,21,80,yes,no,2,2,1,3,2
male,23,80,yes,no,1,3,1,4,2
female,29,80,yes,no,1,3,1,1,3
female,33,80,yes,yes,2,3,1,2,3
female,17,84,yes,yes,4,2,1,3,5
male,29,84,yes,yes,3,1,1,5,4
male,20,85,yes,yes,4,4,1,2,4
male,21,85,yes,yes,4,2,1,5,5
male,18,96,yes,no,3,2,1,4,2
male,23,100,yes,no,3,3,1,4,4
male,26,100,yes,yes,4,2,1,3,2
male,22,105,yes,yes,4,3,2,5,4
male,24,110,yes,yes,4,3,2,5,3
